Number,Age,Sex,Job,Housing,Saving accounts,Checking account,Credit amount,Duration,Purpose,Risk
392,<20,female,1,rent,rich,moderate,983,12,furniture/equipment,good
634,<20,female,2,rent,little,NA,1980,9,furniture/equipment,bad
187,>=70,female,3,free,little,moderate,5129,9,car,bad
537,>=70,female,3,own,NA,little,1374,6,car,good
2,"[20, 40[",female,2,own,little,moderate,5951,48,radio/TV,bad
11,"[20, 40[",female,2,rent,little,moderate,1295,12,car,bad
12,"[20, 40[",female,2,rent,little,little,4308,48,business,bad
13,"[20, 40[",female,2,own,little,moderate,1567,12,radio/TV,good
15,"[20, 40[",female,2,rent,little,little,1403,15,car,good
16,"[20, 40[",female,1,own,moderate,little,1282,24,radio/TV,bad
35,"[20, 40[",female,3,own,little,rich,1474,12,furniture/equipment,good
46,"[20, 40[",female,3,own,little,NA,1393,11,car,good
48,"[20, 40[",female,0,rent,quite rich,little,1352,6,car,good
50,"[20, 40[",female,2,own,moderate,NA,2073,12,radio/TV,good
58,"[20, 40[",female,2,own,little,NA,9566,36,radio/TV,good
59,"[20, 40[",female,3,own,little,rich,1961,18,car,good
60,"[20, 40[",female,1,rent,little,little,6229,36,furniture/equipment,bad
65,"[20, 40[",female,2,own,little,NA,3181,24,radio/TV,good
67,"[20, 40[",female,2,own,little,NA,2171,12,radio/TV,good
70,"[20, 40[",female,2,own,NA,NA,2394,36,radio/TV,good
71,"[20, 40[",female,2,own,little,NA,8133,36,car,good
83,"[20, 40[",female,1,rent,moderate,NA,1568,18,business,good
86,"[20, 40[",female,3,own,little,NA,1412,12,business,good
87,"[20, 40[",female,2,own,little,moderate,1295,18,furniture/equipment,good
93,"[20, 40[",female,1,own,NA,NA,797,12,radio/TV,bad
103,"[20, 40[",female,2,own,little,NA,932,6,radio/TV,good
109,"[20, 40[",female,2,own,NA,little,7721,24,furniture/equipment,good
112,"[20, 40[",female,2,rent,little,rich,392,15,education,good
114,"[20, 40[",female,2,own,little,NA,7855,36,car,bad
117,"[20, 40[",female,3,own,NA,little,7174,42,radio/TV,bad
118,"[20, 40[",female,2,rent,NA,little,2132,10,furniture/equipment,good
119,"[20, 40[",female,2,own,quite rich,little,4281,33,furniture/equipment,bad
121,"[20, 40[",female,2,own,little,little,1835,21,radio/TV,bad
125,"[20, 40[",female,2,rent,NA,moderate,1924,18,furniture/equipment,bad
130,"[20, 40[",female,2,own,little,little,3499,12,car,bad
131,"[20, 40[",female,2,own,NA,moderate,8487,48,car,good
135,"[20, 40[",female,2,own,moderate,NA,10144,60,radio/TV,good
136,"[20, 40[",female,2,own,NA,NA,1240,12,radio/TV,good
142,"[20, 40[",female,3,own,little,moderate,4795,36,radio/TV,good
145,"[20, 40[",female,2,own,little,NA,2288,21,furniture/equipment,good
147,"[20, 40[",female,2,own,little,little,860,6,car,good
154,"[20, 40[",female,2,rent,rich,moderate,7758,24,car,good
156,"[20, 40[",female,2,rent,little,little,1282,12,furniture/equipment,bad
162,"[20, 40[",female,2,own,little,NA,1055,18,car,good
167,"[20, 40[",female,2,own,little,little,1131,18,furniture/equipment,bad
168,"[20, 40[",female,2,own,rich,moderate,1577,11,furniture/equipment,good
169,"[20, 40[",female,2,rent,little,NA,3972,24,furniture/equipment,good
172,"[20, 40[",female,2,own,little,NA,763,12,furniture/equipment,good
173,"[20, 40[",female,3,own,little,moderate,2064,24,furniture/equipment,bad
190,"[20, 40[",female,2,own,little,moderate,3244,18,furniture/equipment,good
196,"[20, 40[",female,3,own,little,moderate,1501,9,education,bad
197,"[20, 40[",female,2,own,little,NA,1382,6,radio/TV,good
198,"[20, 40[",female,2,rent,moderate,moderate,951,12,furniture/equipment,bad
216,"[20, 40[",female,1,own,NA,moderate,932,6,education,good
222,"[20, 40[",female,2,rent,NA,little,1200,12,education,good
239,"[20, 40[",female,2,own,little,NA,1291,12,radio/TV,good
241,"[20, 40[",female,2,own,NA,little,915,24,car,bad
244,"[20, 40[",female,2,own,little,NA,1185,12,business,good
245,"[20, 40[",female,1,own,quite rich,NA,3447,12,education,good
250,"[20, 40[",female,2,rent,little,NA,433,18,radio/TV,bad
251,"[20, 40[",female,1,own,rich,little,666,6,car,good
253,"[20, 40[",female,2,own,little,moderate,2150,30,car,bad
259,"[20, 40[",female,2,own,moderate,NA,3812,15,car,good
268,"[20, 40[",female,2,own,little,NA,1533,24,radio/TV,good
272,"[20, 40[",female,2,rent,quite rich,NA,1402,12,furniture/equipment,good
277,"[20, 40[",female,2,own,little,NA,2404,18,radio/TV,good
279,"[20, 40[",female,2,own,little,NA,4611,6,furniture/equipment,bad
286,"[20, 40[",female,1,own,little,little,10722,47,car,good
296,"[20, 40[",female,2,own,little,moderate,9960,48,furniture/equipment,bad
297,"[20, 40[",female,2,rent,NA,NA,4675,12,car,good
307,"[20, 40[",female,1,rent,NA,NA,4811,30,car,good
309,"[20, 40[",female,2,own,little,moderate,1237,8,furniture/equipment,bad
313,"[20, 40[",female,2,own,little,rich,3749,24,furniture/equipment,good
320,"[20, 40[",female,1,own,little,little,3643,15,furniture/equipment,good
325,"[20, 40[",female,2,own,little,NA,1028,18,car,good
328,"[20, 40[",female,2,own,rich,NA,1525,24,car,good
332,"[20, 40[",female,2,own,moderate,NA,1864,18,education,bad
333,"[20, 40[",female,3,own,moderate,moderate,7408,60,car,bad
334,"[20, 40[",female,1,rent,moderate,NA,11590,48,car,bad
337,"[20, 40[",female,1,own,little,moderate,2101,13,radio/TV,good
338,"[20, 40[",female,2,rent,NA,little,1275,15,domestic appliances,bad
341,"[20, 40[",female,2,free,little,moderate,5743,24,education,good
342,"[20, 40[",female,1,rent,little,little,3599,21,furniture/equipment,good
348,"[20, 40[",female,0,rent,quite rich,moderate,3758,24,radio/TV,good
351,"[20, 40[",female,2,rent,little,NA,1236,9,domestic appliances,good
352,"[20, 40[",female,2,own,little,moderate,959,9,furniture/equipment,bad
360,"[20, 40[",female,2,rent,little,little,2406,30,furniture/equipment,bad
363,"[20, 40[",female,2,own,little,rich,2247,12,car,good
368,"[20, 40[",female,2,rent,little,little,3650,18,furniture/equipment,good
373,"[20, 40[",female,2,rent,little,NA,2146,10,furniture/equipment,good
376,"[20, 40[",female,2,rent,little,little,7685,48,business,bad
382,"[20, 40[",female,3,free,little,moderate,12976,18,car,bad
383,"[20, 40[",female,2,rent,NA,NA,1283,22,car,good
386,"[20, 40[",female,2,own,little,NA,2238,18,radio/TV,good
387,"[20, 40[",female,2,rent,NA,NA,1126,18,radio/TV,good
390,"[20, 40[",female,2,own,little,NA,1449,9,business,good
394,"[20, 40[",female,2,own,little,little,1957,6,radio/TV,good
411,"[20, 40[",female,2,own,little,moderate,1967,24,radio/TV,good
415,"[20, 40[",female,2,own,NA,little,1381,24,car,bad
418,"[20, 40[",female,2,rent,NA,little,8471,18,education,good
419,"[20, 40[",female,3,own,quite rich,NA,2782,21,car,good
420,"[20, 40[",female,2,own,NA,moderate,1042,18,car,bad
421,"[20, 40[",female,2,rent,rich,NA,3186,15,car,good
425,"[20, 40[",female,2,own,NA,moderate,2762,12,furniture/equipment,bad
438,"[20, 40[",female,2,own,rich,NA,1287,24,car,good
440,"[20, 40[",female,0,own,little,rich,609,12,business,bad
442,"[20, 40[",female,2,own,little,little,1620,12,furniture/equipment,good
445,"[20, 40[",female,3,own,little,moderate,5096,48,furniture/equipment,bad
447,"[20, 40[",female,2,own,little,little,1842,36,car,bad
452,"[20, 40[",female,2,own,little,NA,518,6,radio/TV,good
456,"[20, 40[",female,3,own,little,NA,2679,24,car,good
459,"[20, 40[",female,2,own,little,little,343,6,domestic appliances,good
463,"[20, 40[",female,3,rent,little,moderate,3017,12,furniture/equipment,good
467,"[20, 40[",female,1,rent,little,little,1659,24,radio/TV,bad
469,"[20, 40[",female,2,own,little,NA,2764,33,business,good
472,"[20, 40[",female,2,own,little,little,448,6,education,bad
476,"[20, 40[",female,2,rent,little,little,3114,18,furniture/equipment,bad
481,"[20, 40[",female,1,own,little,moderate,3573,12,radio/TV,good
484,"[20, 40[",female,2,own,rich,NA,960,15,furniture/equipment,good
493,"[20, 40[",female,2,own,moderate,NA,1237,6,radio/TV,good
501,"[20, 40[",female,2,own,little,little,3123,24,car,bad
505,"[20, 40[",female,2,rent,little,little,1207,24,car,bad
516,"[20, 40[",female,2,own,little,little,609,6,car,good
518,"[20, 40[",female,2,rent,little,NA,7127,36,furniture/equipment,bad
522,"[20, 40[",female,2,own,little,little,3190,18,radio/TV,bad
524,"[20, 40[",female,2,own,moderate,NA,3488,24,car,good
525,"[20, 40[",female,1,own,little,moderate,1113,18,radio/TV,good
527,"[20, 40[",female,2,own,moderate,NA,1532,15,education,good
532,"[20, 40[",female,2,rent,moderate,moderate,2631,15,car,bad
538,"[20, 40[",female,2,own,little,moderate,3612,18,furniture/equipment,good
547,"[20, 40[",female,2,own,little,NA,2022,24,car,good
549,"[20, 40[",female,1,own,little,little,626,12,radio/TV,bad
551,"[20, 40[",female,2,own,NA,NA,996,12,repairs,good
557,"[20, 40[",female,2,own,moderate,moderate,2278,18,car,bad
558,"[20, 40[",female,2,own,NA,NA,5003,21,car,bad
563,"[20, 40[",female,2,own,little,rich,683,6,radio/TV,good
566,"[20, 40[",female,2,rent,moderate,moderate,1553,24,radio/TV,good
570,"[20, 40[",female,2,own,little,little,6758,48,radio/TV,bad
571,"[20, 40[",female,1,rent,little,little,3234,24,furniture/equipment,bad
573,"[20, 40[",female,3,rent,NA,NA,5433,24,car,good
574,"[20, 40[",female,1,own,little,little,806,15,business,good
576,"[20, 40[",female,2,own,little,NA,2788,15,furniture/equipment,good
577,"[20, 40[",female,2,own,little,moderate,2930,12,radio/TV,good
578,"[20, 40[",female,2,own,NA,NA,1927,24,education,good
583,"[20, 40[",female,2,rent,little,NA,1388,9,furniture/equipment,good
586,"[20, 40[",female,2,rent,little,little,2039,18,furniture/equipment,bad
593,"[20, 40[",female,1,own,rich,NA,1572,21,business,good
594,"[20, 40[",female,1,rent,little,moderate,2718,24,car,bad
596,"[20, 40[",female,1,own,moderate,moderate,931,6,car,bad
597,"[20, 40[",female,2,rent,little,little,1442,24,car,bad
602,"[20, 40[",female,2,own,little,moderate,918,9,furniture/equipment,bad
603,"[20, 40[",female,1,free,little,moderate,1837,24,education,bad
604,"[20, 40[",female,3,own,little,NA,3349,36,furniture/equipment,bad
605,"[20, 40[",female,2,own,little,rich,1275,10,furniture/equipment,good
611,"[20, 40[",female,2,own,moderate,little,741,12,domestic appliances,bad
613,"[20, 40[",female,2,own,rich,little,3357,21,radio/TV,good
614,"[20, 40[",female,2,rent,little,little,3632,24,car,good
615,"[20, 40[",female,2,own,little,NA,1808,18,furniture/equipment,bad
619,"[20, 40[",female,2,rent,moderate,moderate,3441,30,furniture/equipment,bad
624,"[20, 40[",female,2,rent,little,little,1858,12,furniture/equipment,good
631,"[20, 40[",female,2,own,little,little,3660,24,radio/TV,good
635,"[20, 40[",female,1,own,little,moderate,1355,24,car,bad
637,"[20, 40[",female,2,own,quite rich,NA,1376,24,radio/TV,good
639,"[20, 40[",female,2,own,little,NA,1493,12,radio/TV,good
641,"[20, 40[",female,0,own,little,little,750,18,education,bad
648,"[20, 40[",female,2,own,quite rich,NA,1386,12,car,bad
659,"[20, 40[",female,2,own,little,moderate,4221,30,business,good
668,"[20, 40[",female,2,own,little,NA,3609,48,business,good
676,"[20, 40[",female,3,rent,little,NA,4530,30,radio/TV,good
680,"[20, 40[",female,2,own,little,NA,1453,18,radio/TV,good
692,"[20, 40[",female,1,own,moderate,moderate,2631,15,repairs,good
698,"[20, 40[",female,0,own,little,NA,926,12,car,good
701,"[20, 40[",female,1,rent,quite rich,NA,1123,12,furniture/equipment,bad
705,"[20, 40[",female,2,own,little,moderate,2528,27,business,good
706,"[20, 40[",female,2,free,quite rich,NA,5324,15,car,good
708,"[20, 40[",female,2,rent,little,moderate,2969,12,furniture/equipment,bad
709,"[20, 40[",female,2,own,little,moderate,1206,9,radio/TV,good
712,"[20, 40[",female,2,free,little,little,1198,6,education,bad
722,"[20, 40[",female,2,rent,rich,moderate,433,6,education,bad
723,"[20, 40[",female,1,own,little,little,1228,12,car,bad
725,"[20, 40[",female,2,rent,little,NA,2570,27,car,bad
728,"[20, 40[",female,2,rent,little,little,1882,18,radio/TV,bad
734,"[20, 40[",female,2,rent,rich,NA,2603,24,car,good
735,"[20, 40[",female,2,own,little,NA,3380,4,car,good
736,"[20, 40[",female,0,own,NA,moderate,3990,36,domestic appliances,good
737,"[20, 40[",female,3,rent,little,moderate,11560,24,car,bad
740,"[20, 40[",female,1,rent,moderate,moderate,4280,30,business,bad
747,"[20, 40[",female,2,rent,little,little,2511,15,car,good
748,"[20, 40[",female,1,own,little,little,1274,12,car,bad
752,"[20, 40[",female,1,own,little,little,976,18,car,bad
753,"[20, 40[",female,1,rent,moderate,moderate,841,12,business,good
754,"[20, 40[",female,2,own,little,NA,5771,30,radio/TV,good
756,"[20, 40[",female,2,rent,NA,little,1285,24,car,bad
762,"[20, 40[",female,2,rent,little,little,2124,18,furniture/equipment,bad
768,"[20, 40[",female,2,rent,NA,NA,2901,10,car,good
771,"[20, 40[",female,2,rent,NA,little,2812,24,car,good
772,"[20, 40[",female,3,own,little,little,8065,36,education,bad
776,"[20, 40[",female,2,rent,NA,little,1371,24,car,bad
778,"[20, 40[",female,2,own,little,little,3509,18,radio/TV,good
784,"[20, 40[",female,1,own,moderate,moderate,836,12,car,bad
791,"[20, 40[",female,2,own,little,moderate,1188,21,business,bad
796,"[20, 40[",female,2,rent,moderate,NA,2301,9,furniture/equipment,good
798,"[20, 40[",female,1,rent,little,NA,1258,12,furniture/equipment,good
803,"[20, 40[",female,2,own,little,little,4272,20,furniture/equipment,good
805,"[20, 40[",female,0,rent,NA,moderate,7472,12,car,good
810,"[20, 40[",female,0,rent,little,moderate,1778,15,car,bad
818,"[20, 40[",female,2,rent,little,NA,1554,6,radio/TV,good
827,"[20, 40[",female,2,rent,little,little,3966,18,car,bad
832,"[20, 40[",female,2,rent,little,little,1216,18,car,bad
835,"[20, 40[",female,1,own,little,rich,2327,15,radio/TV,bad
837,"[20, 40[",female,2,own,NA,NA,886,12,radio/TV,good
838,"[20, 40[",female,1,rent,little,NA,601,4,furniture/equipment,good
843,"[20, 40[",female,2,own,little,NA,1943,18,repairs,bad
859,"[20, 40[",female,2,own,little,little,3959,15,car,bad
863,"[20, 40[",female,2,own,little,little,2439,24,radio/TV,bad
866,"[20, 40[",female,2,rent,quite rich,NA,2221,15,furniture/equipment,good
867,"[20, 40[",female,2,own,little,little,2389,18,radio/TV,good
870,"[20, 40[",female,2,rent,little,little,652,12,furniture/equipment,good
874,"[20, 40[",female,2,own,NA,NA,874,15,domestic appliances,good
897,"[20, 40[",female,3,rent,little,little,2606,21,radio/TV,good
898,"[20, 40[",female,2,own,rich,NA,1592,12,furniture/equipment,good
899,"[20, 40[",female,1,rent,NA,NA,2186,15,furniture/equipment,good
910,"[20, 40[",female,1,own,NA,moderate,3195,9,car,good
911,"[20, 40[",female,2,own,little,NA,4454,36,radio/TV,good
912,"[20, 40[",female,1,own,little,moderate,4736,24,furniture/equipment,bad
913,"[20, 40[",female,2,own,NA,moderate,2991,30,radio/TV,good
916,"[20, 40[",female,3,own,little,moderate,18424,48,vacation/others,bad
921,"[20, 40[",female,2,own,little,NA,1817,18,furniture/equipment,good
923,"[20, 40[",female,2,rent,little,little,1366,9,radio/TV,bad
927,"[20, 40[",female,2,rent,little,little,1049,18,furniture/equipment,good
932,"[20, 40[",female,2,own,little,moderate,1670,9,radio/TV,bad
935,"[20, 40[",female,2,own,little,little,1498,12,radio/TV,good
937,"[20, 40[",female,1,own,little,rich,745,9,radio/TV,bad
946,"[20, 40[",female,2,own,quite rich,moderate,8358,48,car,good
953,"[20, 40[",female,2,rent,quite rich,moderate,4113,24,car,bad
954,"[20, 40[",female,3,own,little,NA,10974,36,furniture/equipment,bad
955,"[20, 40[",female,2,own,little,little,1893,12,car,good
966,"[20, 40[",female,2,own,NA,moderate,1715,30,radio/TV,good
973,"[20, 40[",female,0,rent,little,little,1193,24,car,bad
975,"[20, 40[",female,2,own,little,NA,2831,30,radio/TV,good
983,"[20, 40[",female,3,own,moderate,rich,2923,21,car,good
986,"[20, 40[",female,2,rent,little,little,1433,15,furniture/equipment,good
996,"[20, 40[",female,1,own,little,NA,1736,12,furniture/equipment,good
19,"[40, 60[",female,3,free,little,moderate,12579,24,car,bad
28,"[40, 60[",female,2,rent,rich,rich,409,12,radio/TV,good
45,"[40, 60[",female,1,free,little,little,6143,48,car,bad
74,"[40, 60[",female,1,own,little,moderate,5954,42,business,good
81,"[40, 60[",female,2,own,NA,NA,5943,24,radio/TV,bad
84,"[40, 60[",female,1,own,little,little,1755,24,vacation/others,good
122,"[40, 60[",female,3,rent,little,NA,3868,24,car,good
140,"[40, 60[",female,1,rent,little,rich,1881,12,radio/TV,good
148,"[40, 60[",female,2,own,moderate,NA,682,12,car,good
176,"[40, 60[",female,3,own,NA,NA,7485,30,car,bad
212,"[40, 60[",female,1,own,NA,NA,3835,36,radio/TV,good
252,"[40, 60[",female,1,own,little,rich,2251,12,furniture/equipment,good
260,"[40, 60[",female,1,own,moderate,NA,1154,11,radio/TV,good
262,"[40, 60[",female,2,own,little,little,1603,24,radio/TV,good
264,"[40, 60[",female,1,free,little,NA,2748,12,education,good
289,"[40, 60[",female,2,own,little,moderate,1092,12,radio/TV,good
293,"[40, 60[",female,3,free,little,little,6419,24,car,good
301,"[40, 60[",female,0,own,little,NA,672,6,car,good
302,"[40, 60[",female,2,own,little,moderate,3804,36,radio/TV,bad
318,"[40, 60[",female,1,own,NA,moderate,4351,24,furniture/equipment,good
346,"[40, 60[",female,1,own,little,NA,1459,15,radio/TV,good
370,"[40, 60[",female,2,rent,little,moderate,3001,18,furniture/equipment,good
380,"[40, 60[",female,1,own,moderate,NA,362,6,car,good
397,"[40, 60[",female,3,free,little,little,2578,12,furniture/equipment,good
400,"[40, 60[",female,1,own,rich,NA,1516,24,radio/TV,good
430,"[40, 60[",female,0,free,little,little,1190,18,repairs,bad
446,"[40, 60[",female,1,rent,NA,NA,1244,9,education,good
449,"[40, 60[",female,3,own,NA,rich,1424,12,furniture/equipment,good
483,"[40, 60[",female,2,rent,rich,little,3622,30,furniture/equipment,good
492,"[40, 60[",female,3,free,little,moderate,8318,27,business,bad
540,"[40, 60[",female,1,own,little,rich,3049,18,furniture/equipment,good
585,"[40, 60[",female,3,free,NA,NA,2133,12,car,good
591,"[40, 60[",female,1,own,little,little,385,12,radio/TV,good
592,"[40, 60[",female,2,rent,NA,moderate,1965,24,car,good
601,"[40, 60[",female,2,own,little,moderate,2329,7,radio/TV,good
608,"[40, 60[",female,2,free,moderate,moderate,2671,36,radio/TV,bad
612,"[40, 60[",female,1,free,moderate,rich,1240,10,car,bad
665,"[40, 60[",female,1,own,little,rich,1047,6,education,good
681,"[40, 60[",female,2,own,little,NA,1538,6,education,good
703,"[40, 60[",female,2,free,moderate,rich,1377,24,radio/TV,good
726,"[40, 60[",female,1,own,rich,NA,250,6,car,good
729,"[40, 60[",female,2,rent,little,moderate,6416,48,business,bad
733,"[40, 60[",female,1,own,little,moderate,760,8,radio/TV,good
751,"[40, 60[",female,2,own,little,little,428,6,furniture/equipment,good
761,"[40, 60[",female,2,own,NA,NA,5045,15,car,good
802,"[40, 60[",female,1,rent,little,moderate,1795,18,radio/TV,good
816,"[40, 60[",female,2,rent,little,moderate,7432,36,car,good
834,"[40, 60[",female,2,own,NA,moderate,5084,24,radio/TV,good
857,"[40, 60[",female,2,own,NA,NA,894,10,education,good
871,"[40, 60[",female,2,own,quite rich,NA,7678,36,furniture/equipment,good
876,"[40, 60[",female,2,own,rich,moderate,1322,11,car,good
886,"[40, 60[",female,2,own,little,little,795,12,education,bad
909,"[40, 60[",female,1,own,little,NA,3594,15,car,good
945,"[40, 60[",female,2,rent,little,little,1845,15,furniture/equipment,good
956,"[40, 60[",female,3,rent,rich,little,1231,24,radio/TV,good
968,"[40, 60[",female,3,rent,little,NA,3568,15,radio/TV,good
976,"[40, 60[",female,1,own,quite rich,rich,1258,24,radio/TV,good
97,"[60, 70[",female,2,own,NA,NA,2012,12,education,good
220,"[60, 70[",female,2,own,little,NA,1364,10,car,good
375,"[60, 70[",female,3,free,moderate,moderate,14782,60,vacation/others,bad
488,"[60, 70[",female,2,free,little,NA,3757,24,car,good
555,"[60, 70[",female,3,own,little,moderate,1199,9,education,good
724,"[60, 70[",female,1,own,quite rich,moderate,790,9,radio/TV,good
780,"[60, 70[",female,2,own,little,moderate,3872,18,repairs,good
884,"[60, 70[",female,0,own,little,NA,1098,18,radio/TV,good
977,"[60, 70[",female,2,own,little,moderate,753,6,radio/TV,good
988,"[60, 70[",female,2,own,moderate,NA,1409,13,radio/TV,good
164,>=70,male,3,free,little,moderate,7308,10,car,good
331,>=70,male,3,free,little,little,6615,24,car,good
431,>=70,male,1,own,little,NA,3448,5,business,good
607,>=70,male,3,own,little,NA,4526,24,business,good
757,>=70,male,0,own,little,rich,1299,6,car,good
6,"[20, 40[",male,1,free,NA,NA,9055,36,education,good
8,"[20, 40[",male,3,rent,little,moderate,6948,36,car,good
10,"[20, 40[",male,3,own,little,moderate,5234,30,car,bad
18,"[20, 40[",male,2,own,NA,little,8072,30,business,good
20,"[20, 40[",male,2,own,quite rich,NA,3430,24,radio/TV,good
25,"[20, 40[",male,2,own,NA,NA,2069,10,furniture/equipment,good
26,"[20, 40[",male,1,own,little,little,1374,6,furniture/equipment,good
27,"[20, 40[",male,1,own,little,NA,426,6,radio/TV,good
29,"[20, 40[",male,2,own,little,moderate,2415,7,radio/TV,good
31,"[20, 40[",male,2,own,rich,moderate,1913,18,business,good
32,"[20, 40[",male,2,own,little,little,4020,24,furniture/equipment,good
33,"[20, 40[",male,2,own,moderate,moderate,5866,18,car,good
36,"[20, 40[",male,1,own,little,moderate,4746,45,radio/TV,bad
37,"[20, 40[",male,2,free,little,NA,6110,48,education,good
38,"[20, 40[",male,2,own,little,rich,2100,18,radio/TV,bad
39,"[20, 40[",male,2,own,little,rich,1225,10,domestic appliances,good
40,"[20, 40[",male,2,own,little,moderate,458,9,radio/TV,good
41,"[20, 40[",male,3,own,quite rich,NA,2333,30,radio/TV,good
42,"[20, 40[",male,2,own,quite rich,moderate,1158,12,radio/TV,good
44,"[20, 40[",male,2,rent,moderate,little,6187,30,car,good
47,"[20, 40[",male,2,own,quite rich,NA,2299,36,radio/TV,good
49,"[20, 40[",male,1,own,little,NA,7228,11,car,good
51,"[20, 40[",male,1,own,NA,moderate,2333,24,furniture/equipment,good
52,"[20, 40[",male,3,own,little,moderate,5965,27,car,good
53,"[20, 40[",male,2,own,little,NA,1262,12,radio/TV,good
54,"[20, 40[",male,2,own,NA,NA,3378,18,car,good
56,"[20, 40[",male,1,own,NA,NA,783,6,car,good
61,"[20, 40[",male,2,own,little,moderate,1391,9,business,good
64,"[20, 40[",male,2,own,little,moderate,14421,48,business,bad
68,"[20, 40[",male,2,own,rich,moderate,1007,12,car,good
69,"[20, 40[",male,2,free,little,NA,1819,36,education,bad
77,"[20, 40[",male,2,own,little,little,3965,42,radio/TV,bad
79,"[20, 40[",male,1,own,NA,NA,9436,54,car,good
80,"[20, 40[",male,2,own,little,moderate,3832,30,furniture/equipment,good
89,"[20, 40[",male,3,own,moderate,little,2249,18,car,good
90,"[20, 40[",male,2,own,little,little,1108,12,repairs,bad
94,"[20, 40[",male,2,rent,NA,rich,3617,24,furniture/equipment,good
98,"[20, 40[",male,2,own,moderate,moderate,2622,18,business,good
99,"[20, 40[",male,2,own,little,moderate,2337,36,radio/TV,good
100,"[20, 40[",male,3,rent,NA,moderate,7057,20,car,good
102,"[20, 40[",male,2,rent,little,moderate,2323,36,radio/TV,good
104,"[20, 40[",male,2,rent,little,moderate,1919,9,furniture/equipment,good
105,"[20, 40[",male,2,rent,NA,NA,2445,12,car,good
106,"[20, 40[",male,3,own,little,moderate,11938,24,vacation/others,bad
107,"[20, 40[",male,3,own,little,NA,6458,18,car,bad
108,"[20, 40[",male,2,own,little,moderate,6078,12,car,good
110,"[20, 40[",male,2,own,quite rich,moderate,1410,14,business,good
111,"[20, 40[",male,2,own,moderate,moderate,1449,6,business,good
113,"[20, 40[",male,1,rent,little,moderate,6260,18,car,good
115,"[20, 40[",male,2,own,quite rich,little,1680,12,radio/TV,good
120,"[20, 40[",male,3,own,quite rich,moderate,2366,12,car,good
123,"[20, 40[",male,1,rent,little,NA,1768,12,furniture/equipment,good
126,"[20, 40[",male,2,own,little,little,2121,12,car,good
128,"[20, 40[",male,2,own,little,moderate,639,12,repairs,bad
129,"[20, 40[",male,3,own,little,moderate,1860,12,car,good
132,"[20, 40[",male,2,own,little,little,6887,36,education,bad
133,"[20, 40[",male,1,own,little,NA,2708,15,furniture/equipment,good
137,"[20, 40[",male,2,own,rich,NA,8613,27,car,good
139,"[20, 40[",male,2,own,NA,moderate,2728,15,radio/TV,good
141,"[20, 40[",male,0,own,rich,rich,709,6,car,good
143,"[20, 40[",male,3,own,little,little,3416,27,radio/TV,good
144,"[20, 40[",male,2,own,little,little,2462,18,furniture/equipment,bad
146,"[20, 40[",male,2,own,moderate,moderate,3566,48,business,good
149,"[20, 40[",male,2,own,little,little,5371,36,furniture/equipment,good
152,"[20, 40[",male,2,own,little,NA,1924,10,radio/TV,good
153,"[20, 40[",male,2,own,little,rich,5848,36,radio/TV,good
155,"[20, 40[",male,3,rent,moderate,moderate,6967,24,business,good
159,"[20, 40[",male,2,own,moderate,moderate,3512,24,car,good
160,"[20, 40[",male,1,own,NA,NA,1898,6,radio/TV,good
161,"[20, 40[",male,2,own,moderate,NA,2872,24,radio/TV,good
163,"[20, 40[",male,2,own,quite rich,NA,1262,15,domestic appliances,good
165,"[20, 40[",male,2,own,quite rich,NA,909,36,car,good
166,"[20, 40[",male,2,own,quite rich,NA,2978,6,furniture/equipment,good
170,"[20, 40[",male,2,own,little,moderate,1935,24,business,bad
171,"[20, 40[",male,2,rent,little,little,950,15,car,bad
174,"[20, 40[",male,2,own,little,moderate,1414,8,radio/TV,good
175,"[20, 40[",male,2,own,little,little,3414,21,education,bad
179,"[20, 40[",male,3,rent,little,NA,1963,12,radio/TV,good
181,"[20, 40[",male,2,own,little,NA,9572,36,business,bad
182,"[20, 40[",male,3,own,little,moderate,4455,36,business,bad
185,"[20, 40[",male,2,own,little,moderate,884,18,car,bad
186,"[20, 40[",male,2,own,little,NA,1360,15,radio/TV,good
189,"[20, 40[",male,2,own,moderate,little,674,12,radio/TV,bad
192,"[20, 40[",male,1,free,moderate,moderate,3844,48,business,bad
193,"[20, 40[",male,2,own,little,moderate,3915,27,business,bad
194,"[20, 40[",male,2,rent,little,NA,2108,6,radio/TV,good
195,"[20, 40[",male,2,rent,moderate,moderate,3031,45,radio/TV,bad
199,"[20, 40[",male,2,free,NA,moderate,2760,24,car,good
202,"[20, 40[",male,1,own,little,little,1168,12,car,good
203,"[20, 40[",male,2,own,little,NA,5117,27,business,good
204,"[20, 40[",male,2,rent,little,little,902,12,education,bad
205,"[20, 40[",male,1,own,little,NA,1495,12,car,good
206,"[20, 40[",male,3,free,little,little,10623,30,car,good
208,"[20, 40[",male,2,own,little,moderate,1424,12,domestic appliances,good
209,"[20, 40[",male,1,own,little,little,6568,24,business,good
211,"[20, 40[",male,2,own,NA,NA,3074,9,radio/TV,good
217,"[20, 40[",male,2,own,little,little,3104,18,business,good
218,"[20, 40[",male,2,own,little,rich,3913,36,radio/TV,good
219,"[20, 40[",male,1,rent,little,little,3021,24,furniture/equipment,good
221,"[20, 40[",male,1,own,little,moderate,625,12,radio/TV,good
223,"[20, 40[",male,2,own,little,NA,707,12,radio/TV,good
224,"[20, 40[",male,2,own,NA,NA,2978,24,business,good
225,"[20, 40[",male,2,own,little,NA,4657,15,car,good
226,"[20, 40[",male,2,own,little,NA,2613,36,repairs,good
227,"[20, 40[",male,2,own,rich,moderate,10961,48,radio/TV,bad
229,"[20, 40[",male,2,own,little,NA,1478,9,radio/TV,bad
230,"[20, 40[",male,2,free,little,little,3149,24,furniture/equipment,good
231,"[20, 40[",male,2,own,little,rich,4210,36,radio/TV,bad
233,"[20, 40[",male,2,own,moderate,NA,2141,12,radio/TV,good
234,"[20, 40[",male,1,own,little,moderate,866,18,radio/TV,good
236,"[20, 40[",male,3,own,little,little,1823,24,radio/TV,bad
237,"[20, 40[",male,0,own,NA,moderate,14555,6,car,bad
240,"[20, 40[",male,2,own,little,little,2522,30,radio/TV,good
243,"[20, 40[",male,2,free,little,little,4605,48,car,bad
246,"[20, 40[",male,2,own,little,NA,1258,24,business,good
248,"[20, 40[",male,2,rent,moderate,NA,1204,6,car,good
249,"[20, 40[",male,2,own,little,rich,1925,24,furniture/equipment,good
254,"[20, 40[",male,2,own,moderate,NA,4151,24,furniture/equipment,good
255,"[20, 40[",male,2,own,NA,moderate,2030,9,furniture/equipment,good
256,"[20, 40[",male,1,own,NA,moderate,7418,60,radio/TV,good
257,"[20, 40[",male,1,own,little,NA,2684,24,radio/TV,good
258,"[20, 40[",male,2,free,little,little,2149,12,radio/TV,bad
261,"[20, 40[",male,2,own,little,little,1657,12,furniture/equipment,good
263,"[20, 40[",male,3,free,little,little,5302,18,car,good
265,"[20, 40[",male,1,own,little,NA,1231,10,car,good
266,"[20, 40[",male,2,own,little,moderate,802,15,radio/TV,bad
267,"[20, 40[",male,2,own,NA,NA,6304,36,business,good
270,"[20, 40[",male,2,own,NA,NA,999,24,radio/TV,good
271,"[20, 40[",male,2,own,NA,NA,2662,18,car,good
273,"[20, 40[",male,3,free,NA,moderate,12169,48,car,good
274,"[20, 40[",male,2,own,little,moderate,3060,48,radio/TV,bad
275,"[20, 40[",male,1,own,little,little,11998,30,repairs,bad
276,"[20, 40[",male,2,own,little,NA,2697,9,radio/TV,good
280,"[20, 40[",male,3,rent,moderate,NA,1901,24,radio/TV,good
281,"[20, 40[",male,2,rent,rich,NA,3368,15,car,good
285,"[20, 40[",male,2,own,moderate,moderate,3878,24,car,good
287,"[20, 40[",male,2,own,little,little,4788,48,car,good
288,"[20, 40[",male,3,free,moderate,moderate,7582,48,vacation/others,good
291,"[20, 40[",male,2,own,little,NA,1076,12,business,good
292,"[20, 40[",male,3,rent,little,moderate,9398,36,car,bad
300,"[20, 40[",male,2,own,rich,moderate,2745,21,furniture/equipment,good
303,"[20, 40[",male,1,own,NA,rich,1344,24,car,bad
306,"[20, 40[",male,2,own,rich,NA,1543,6,furniture/equipment,good
308,"[20, 40[",male,1,own,moderate,little,727,12,radio/TV,bad
310,"[20, 40[",male,1,rent,little,moderate,276,9,car,good
312,"[20, 40[",male,2,own,moderate,NA,5511,24,furniture/equipment,good
314,"[20, 40[",male,1,own,little,moderate,685,12,car,bad
315,"[20, 40[",male,1,own,NA,rich,1494,4,car,good
316,"[20, 40[",male,2,own,little,little,2746,36,furniture/equipment,bad
317,"[20, 40[",male,1,own,little,little,708,12,furniture/equipment,good
319,"[20, 40[",male,2,own,little,NA,701,12,education,good
321,"[20, 40[",male,3,own,little,moderate,4249,30,car,bad
322,"[20, 40[",male,2,own,little,little,1938,24,radio/TV,bad
323,"[20, 40[",male,3,free,little,little,2910,24,car,good
324,"[20, 40[",male,2,own,rich,little,2659,18,furniture/equipment,good
326,"[20, 40[",male,1,own,little,little,3398,8,car,good
329,"[20, 40[",male,2,own,little,rich,4473,36,radio/TV,good
330,"[20, 40[",male,2,own,little,moderate,1068,6,radio/TV,good
335,"[20, 40[",male,2,rent,little,little,4110,24,furniture/equipment,bad
339,"[20, 40[",male,2,own,little,little,4169,24,furniture/equipment,good
340,"[20, 40[",male,1,own,little,moderate,1521,10,furniture/equipment,good
343,"[20, 40[",male,2,rent,quite rich,moderate,3213,18,radio/TV,good
344,"[20, 40[",male,3,own,little,moderate,4439,18,business,good
345,"[20, 40[",male,1,own,little,rich,3949,10,car,good
347,"[20, 40[",male,2,own,little,moderate,882,13,radio/TV,good
349,"[20, 40[",male,1,own,moderate,NA,1743,6,business,good
350,"[20, 40[",male,2,free,rich,moderate,1136,9,education,bad
353,"[20, 40[",male,3,own,NA,NA,3229,18,car,good
354,"[20, 40[",male,2,rent,little,little,6199,12,radio/TV,bad
356,"[20, 40[",male,1,own,little,moderate,1246,24,car,bad
358,"[20, 40[",male,3,own,little,NA,4463,36,radio/TV,bad
359,"[20, 40[",male,2,own,little,NA,776,12,radio/TV,good
362,"[20, 40[",male,3,own,NA,rich,3399,12,radio/TV,good
364,"[20, 40[",male,2,rent,little,NA,1766,6,furniture/equipment,good
365,"[20, 40[",male,0,own,little,little,2473,18,furniture/equipment,bad
366,"[20, 40[",male,2,own,little,NA,1542,12,business,good
367,"[20, 40[",male,2,own,little,NA,3850,18,car,good
371,"[20, 40[",male,2,own,NA,NA,3079,36,car,good
372,"[20, 40[",male,2,own,little,NA,6070,18,radio/TV,good
377,"[20, 40[",male,2,own,little,NA,2320,18,radio/TV,good
378,"[20, 40[",male,2,free,NA,NA,846,7,radio/TV,good
381,"[20, 40[",male,2,own,NA,little,2212,20,furniture/equipment,good
384,"[20, 40[",male,2,own,little,rich,1330,12,car,good
385,"[20, 40[",male,1,own,moderate,NA,4272,30,business,good
389,"[20, 40[",male,2,own,quite rich,moderate,2326,15,business,good
391,"[20, 40[",male,3,own,little,NA,1820,18,car,good
393,"[20, 40[",male,3,free,little,little,3249,36,car,good
395,"[20, 40[",male,3,own,little,NA,2406,9,furniture/equipment,good
396,"[20, 40[",male,2,rent,moderate,moderate,11760,39,education,good
401,"[20, 40[",male,2,own,little,NA,1473,18,radio/TV,good
402,"[20, 40[",male,2,own,NA,moderate,1887,18,business,good
403,"[20, 40[",male,2,own,little,NA,8648,24,business,bad
404,"[20, 40[",male,1,own,little,NA,802,14,car,good
406,"[20, 40[",male,2,own,little,moderate,2039,24,radio/TV,bad
408,"[20, 40[",male,2,own,little,little,1053,15,radio/TV,good
409,"[20, 40[",male,3,own,quite rich,NA,3235,24,radio/TV,good
410,"[20, 40[",male,2,own,quite rich,rich,939,12,car,bad
412,"[20, 40[",male,3,own,little,NA,7253,33,car,good
416,"[20, 40[",male,2,own,little,NA,5842,36,car,good
417,"[20, 40[",male,1,own,little,little,2579,12,car,bad
422,"[20, 40[",male,2,own,NA,moderate,2028,12,car,good
424,"[20, 40[",male,3,own,moderate,NA,1591,21,furniture/equipment,good
426,"[20, 40[",male,2,rent,little,moderate,2779,18,car,good
427,"[20, 40[",male,2,own,little,NA,2743,28,radio/TV,good
429,"[20, 40[",male,2,own,little,NA,1313,9,furniture/equipment,good
432,"[20, 40[",male,3,own,little,moderate,11328,24,vacation/others,bad
433,"[20, 40[",male,3,free,little,little,1872,6,furniture/equipment,good
434,"[20, 40[",male,2,own,little,NA,2058,24,repairs,good
435,"[20, 40[",male,2,own,little,little,2136,9,furniture/equipment,good
436,"[20, 40[",male,2,own,NA,moderate,1484,12,radio/TV,bad
437,"[20, 40[",male,1,rent,quite rich,NA,660,6,repairs,good
441,"[20, 40[",male,3,own,little,NA,1884,12,car,good
443,"[20, 40[",male,2,own,little,moderate,2629,20,vacation/others,good
448,"[20, 40[",male,2,own,little,moderate,2576,7,radio/TV,good
451,"[20, 40[",male,3,own,NA,NA,11054,36,car,good
453,"[20, 40[",male,2,own,little,NA,2759,12,furniture/equipment,good
454,"[20, 40[",male,3,own,little,NA,2670,24,car,good
455,"[20, 40[",male,2,own,little,little,4817,24,car,bad
457,"[20, 40[",male,2,rent,little,little,3905,11,car,good
458,"[20, 40[",male,2,free,little,little,3386,12,car,bad
460,"[20, 40[",male,2,own,little,NA,4594,18,radio/TV,good
461,"[20, 40[",male,2,own,little,little,3620,36,furniture/equipment,good
462,"[20, 40[",male,2,own,little,little,1721,15,car,good
464,"[20, 40[",male,2,own,NA,moderate,754,12,education,good
465,"[20, 40[",male,2,own,little,NA,1950,18,business,good
468,"[20, 40[",male,2,own,NA,NA,7238,48,radio/TV,good
470,"[20, 40[",male,1,own,little,NA,4679,24,car,good
471,"[20, 40[",male,2,rent,moderate,moderate,3092,24,radio/TV,bad
473,"[20, 40[",male,1,own,little,little,654,9,car,bad
474,"[20, 40[",male,3,own,NA,NA,1238,6,education,good
475,"[20, 40[",male,2,own,little,moderate,1245,18,radio/TV,bad
477,"[20, 40[",male,2,own,quite rich,NA,2569,39,car,good
478,"[20, 40[",male,2,own,little,rich,5152,24,radio/TV,good
479,"[20, 40[",male,1,own,moderate,moderate,1037,12,business,good
482,"[20, 40[",male,2,own,little,moderate,1201,24,car,good
489,"[20, 40[",male,1,rent,moderate,NA,1418,10,car,good
490,"[20, 40[",male,2,rent,little,NA,3518,6,car,good
491,"[20, 40[",male,2,own,little,NA,1934,12,radio/TV,good
494,"[20, 40[",male,2,own,NA,moderate,368,6,radio/TV,good
495,"[20, 40[",male,1,rent,little,little,2122,12,car,good
496,"[20, 40[",male,2,own,NA,little,2996,24,furniture/equipment,bad
497,"[20, 40[",male,3,rent,moderate,moderate,9034,36,furniture/equipment,bad
499,"[20, 40[",male,1,own,little,moderate,1301,18,radio/TV,good
500,"[20, 40[",male,2,own,moderate,rich,1323,6,car,good
504,"[20, 40[",male,2,own,moderate,moderate,1216,24,radio/TV,bad
506,"[20, 40[",male,1,own,NA,NA,1309,10,car,bad
507,"[20, 40[",male,2,own,quite rich,rich,2360,15,car,good
508,"[20, 40[",male,3,own,moderate,moderate,6850,15,car,bad
509,"[20, 40[",male,2,own,little,NA,1413,24,radio/TV,good
511,"[20, 40[",male,2,own,little,little,759,12,car,bad
512,"[20, 40[",male,3,free,little,NA,4686,36,car,good
513,"[20, 40[",male,2,rent,little,rich,2687,15,business,good
514,"[20, 40[",male,2,rent,little,moderate,585,12,radio/TV,good
520,"[20, 40[",male,2,free,NA,NA,700,6,radio/TV,good
526,"[20, 40[",male,2,own,little,moderate,7966,26,car,good
529,"[20, 40[",male,2,rent,little,little,2302,36,radio/TV,bad
531,"[20, 40[",male,2,own,little,moderate,2273,36,education,good
534,"[20, 40[",male,2,own,moderate,NA,1311,24,radio/TV,good
535,"[20, 40[",male,2,own,NA,NA,3105,24,radio/TV,good
536,"[20, 40[",male,2,rent,little,rich,2319,21,education,bad
541,"[20, 40[",male,2,rent,little,moderate,1534,12,radio/TV,bad
543,"[20, 40[",male,2,own,NA,little,6350,30,furniture/equipment,bad
544,"[20, 40[",male,1,own,little,rich,2864,18,furniture/equipment,bad
548,"[20, 40[",male,2,own,little,NA,1552,24,radio/TV,good
550,"[20, 40[",male,2,free,NA,NA,8858,48,car,good
553,"[20, 40[",male,2,own,little,little,6999,48,radio/TV,bad
554,"[20, 40[",male,2,own,moderate,moderate,1995,12,car,good
556,"[20, 40[",male,2,own,little,moderate,1331,12,radio/TV,bad
559,"[20, 40[",male,2,own,little,little,3552,24,furniture/equipment,bad
560,"[20, 40[",male,1,own,little,moderate,1928,18,furniture/equipment,bad
562,"[20, 40[",male,1,rent,little,little,1546,24,radio/TV,bad
564,"[20, 40[",male,2,free,NA,moderate,12389,36,car,bad
565,"[20, 40[",male,3,own,NA,moderate,4712,24,business,good
567,"[20, 40[",male,2,own,little,little,1372,12,car,bad
568,"[20, 40[",male,2,own,rich,NA,2578,24,radio/TV,good
572,"[20, 40[",male,2,own,little,NA,5954,30,radio/TV,good
575,"[20, 40[",male,1,own,little,moderate,1082,9,radio/TV,good
579,"[20, 40[",male,2,own,little,moderate,2820,36,car,bad
580,"[20, 40[",male,1,own,little,NA,937,24,education,good
581,"[20, 40[",male,2,own,little,moderate,1056,18,car,bad
584,"[20, 40[",male,1,rent,little,moderate,2384,36,repairs,bad
587,"[20, 40[",male,2,rent,little,little,2799,9,car,good
588,"[20, 40[",male,1,own,little,little,1289,12,furniture/equipment,good
598,"[20, 40[",male,1,own,little,moderate,4241,24,business,bad
599,"[20, 40[",male,2,own,little,NA,2775,18,car,bad
600,"[20, 40[",male,2,free,little,NA,3863,24,business,good
606,"[20, 40[",male,2,own,quite rich,little,2828,24,furniture/equipment,good
609,"[20, 40[",male,2,own,little,NA,2051,18,radio/TV,good
617,"[20, 40[",male,3,free,NA,moderate,9157,60,radio/TV,good
618,"[20, 40[",male,2,rent,little,little,3676,6,car,good
621,"[20, 40[",male,2,own,little,moderate,3652,21,business,good
622,"[20, 40[",male,2,own,little,NA,1530,18,car,bad
623,"[20, 40[",male,2,own,NA,NA,3914,48,business,bad
626,"[20, 40[",male,2,own,NA,NA,1979,15,radio/TV,good
628,"[20, 40[",male,2,own,moderate,moderate,1437,9,car,bad
629,"[20, 40[",male,2,own,quite rich,NA,4042,42,furniture/equipment,good
633,"[20, 40[",male,2,own,NA,moderate,1444,15,radio/TV,good
638,"[20, 40[",male,2,own,little,NA,15653,60,radio/TV,good
640,"[20, 40[",male,2,own,little,little,4370,42,radio/TV,bad
642,"[20, 40[",male,1,own,little,moderate,1308,15,repairs,good
644,"[20, 40[",male,2,own,little,NA,1851,24,radio/TV,good
645,"[20, 40[",male,3,own,little,little,1880,18,radio/TV,good
646,"[20, 40[",male,2,rent,NA,NA,7980,36,business,bad
647,"[20, 40[",male,2,own,little,little,4583,30,furniture/equipment,good
649,"[20, 40[",male,2,free,little,rich,947,24,car,bad
652,"[20, 40[",male,1,own,little,moderate,1922,12,furniture/equipment,bad
655,"[20, 40[",male,2,own,little,NA,2346,24,car,good
656,"[20, 40[",male,2,free,little,little,3973,14,car,good
658,"[20, 40[",male,2,own,NA,NA,10222,48,radio/TV,good
661,"[20, 40[",male,2,rent,little,rich,1297,12,radio/TV,good
662,"[20, 40[",male,2,own,NA,little,900,12,car,bad
664,"[20, 40[",male,3,own,little,moderate,1050,6,furniture/equipment,good
666,"[20, 40[",male,3,own,little,NA,6314,24,vacation/others,good
667,"[20, 40[",male,2,own,rich,moderate,3496,30,furniture/equipment,good
671,"[20, 40[",male,1,own,moderate,NA,4139,24,business,good
672,"[20, 40[",male,2,own,moderate,NA,5742,36,business,good
674,"[20, 40[",male,2,own,quite rich,NA,2080,6,car,good
677,"[20, 40[",male,2,own,little,NA,5150,24,furniture/equipment,good
678,"[20, 40[",male,2,own,moderate,moderate,5595,72,radio/TV,bad
682,"[20, 40[",male,2,free,NA,NA,2279,12,radio/TV,good
683,"[20, 40[",male,2,own,little,NA,1478,15,radio/TV,good
685,"[20, 40[",male,1,own,moderate,moderate,9857,36,business,good
686,"[20, 40[",male,2,free,NA,NA,6527,60,car,good
687,"[20, 40[",male,2,own,NA,rich,1347,10,radio/TV,good
688,"[20, 40[",male,2,free,moderate,moderate,2862,36,car,good
689,"[20, 40[",male,2,own,moderate,NA,2753,9,radio/TV,good
690,"[20, 40[",male,2,own,rich,little,3651,12,car,good
691,"[20, 40[",male,2,own,little,little,975,15,furniture/equipment,good
693,"[20, 40[",male,2,own,moderate,moderate,2896,24,radio/TV,good
695,"[20, 40[",male,2,own,little,NA,2284,24,radio/TV,good
697,"[20, 40[",male,2,own,little,moderate,1103,12,radio/TV,good
699,"[20, 40[",male,2,own,little,NA,1800,18,radio/TV,good
707,"[20, 40[",male,2,own,moderate,moderate,6560,48,car,bad
710,"[20, 40[",male,1,own,little,moderate,2118,9,radio/TV,good
711,"[20, 40[",male,3,own,quite rich,NA,629,18,radio/TV,good
714,"[20, 40[",male,1,own,little,little,1138,9,radio/TV,good
715,"[20, 40[",male,3,own,little,moderate,14027,60,car,bad
718,"[20, 40[",male,3,free,little,NA,1505,18,radio/TV,good
719,"[20, 40[",male,2,own,NA,rich,3148,24,radio/TV,good
720,"[20, 40[",male,2,own,moderate,moderate,6148,20,car,good
721,"[20, 40[",male,3,own,little,rich,1337,9,radio/TV,bad
730,"[20, 40[",male,2,own,rich,rich,1275,24,business,good
731,"[20, 40[",male,2,own,little,moderate,6403,24,radio/TV,good
732,"[20, 40[",male,1,rent,little,little,1987,24,radio/TV,bad
738,"[20, 40[",male,1,own,moderate,little,4380,18,car,good
741,"[20, 40[",male,2,own,moderate,little,2325,24,car,good
742,"[20, 40[",male,1,own,little,moderate,1048,10,radio/TV,good
744,"[20, 40[",male,2,own,quite rich,little,2483,24,furniture/equipment,good
745,"[20, 40[",male,3,own,NA,little,14179,39,furniture/equipment,good
746,"[20, 40[",male,1,own,little,little,1797,13,business,good
749,"[20, 40[",male,2,own,NA,NA,5248,21,car,good
750,"[20, 40[",male,2,own,little,NA,3029,15,car,good
758,"[20, 40[",male,2,free,NA,rich,1271,15,radio/TV,bad
759,"[20, 40[",male,2,own,little,NA,1393,24,car,good
760,"[20, 40[",male,2,own,little,little,691,12,car,bad
763,"[20, 40[",male,1,own,little,little,2214,12,radio/TV,good
764,"[20, 40[",male,3,free,NA,NA,12680,21,car,bad
765,"[20, 40[",male,2,own,moderate,NA,2463,24,car,good
767,"[20, 40[",male,1,own,little,little,3108,30,furniture/equipment,bad
769,"[20, 40[",male,2,rent,little,moderate,3617,12,furniture/equipment,good
773,"[20, 40[",male,3,own,little,NA,3275,21,car,good
777,"[20, 40[",male,2,own,little,NA,3535,36,car,good
779,"[20, 40[",male,3,own,rich,NA,5711,36,car,good
781,"[20, 40[",male,2,own,little,moderate,4933,39,radio/TV,bad
783,"[20, 40[",male,1,own,little,moderate,1410,12,education,good
786,"[20, 40[",male,1,own,rich,moderate,1941,18,business,good
788,"[20, 40[",male,2,own,NA,NA,2751,48,car,good
790,"[20, 40[",male,2,own,little,little,5998,40,education,bad
793,"[20, 40[",male,2,own,NA,NA,1221,6,furniture/equipment,good
795,"[20, 40[",male,2,rent,quite rich,NA,3062,24,furniture/equipment,good
800,"[20, 40[",male,0,own,NA,moderate,1549,9,car,good
804,"[20, 40[",male,2,own,NA,NA,976,12,radio/TV,good
806,"[20, 40[",male,2,own,little,little,9271,36,car,bad
807,"[20, 40[",male,1,own,little,moderate,590,6,radio/TV,good
811,"[20, 40[",male,2,own,little,moderate,907,8,business,good
812,"[20, 40[",male,1,own,little,moderate,484,6,radio/TV,good
813,"[20, 40[",male,2,own,little,little,9629,36,car,bad
820,"[20, 40[",male,2,own,little,little,1345,18,radio/TV,bad
821,"[20, 40[",male,2,own,little,NA,1101,12,car,good
822,"[20, 40[",male,2,own,little,rich,3016,12,radio/TV,good
825,"[20, 40[",male,3,own,little,NA,3780,18,furniture/equipment,good
826,"[20, 40[",male,2,own,little,little,1602,21,car,good
828,"[20, 40[",male,2,own,little,NA,4165,18,business,bad
830,"[20, 40[",male,2,free,NA,moderate,6681,48,business,good
833,"[20, 40[",male,2,rent,little,little,11816,45,business,bad
841,"[20, 40[",male,2,own,little,little,5179,36,furniture/equipment,bad
842,"[20, 40[",male,1,own,little,NA,2993,21,car,good
846,"[20, 40[",male,2,own,NA,moderate,3976,21,furniture/equipment,good
848,"[20, 40[",male,2,own,little,NA,1249,24,car,good
851,"[20, 40[",male,2,rent,little,little,2235,20,car,bad
853,"[20, 40[",male,2,free,little,NA,1471,15,radio/TV,good
854,"[20, 40[",male,1,free,little,little,1442,18,car,bad
856,"[20, 40[",male,2,own,moderate,NA,1474,24,car,good
858,"[20, 40[",male,2,free,little,NA,3343,15,furniture/equipment,good
860,"[20, 40[",male,2,rent,moderate,NA,3577,9,car,good
861,"[20, 40[",male,2,own,rich,NA,5804,24,car,good
862,"[20, 40[",male,2,own,little,NA,2169,18,business,bad
864,"[20, 40[",male,1,own,rich,NA,4526,27,furniture/equipment,good
865,"[20, 40[",male,1,rent,little,NA,2210,10,furniture/equipment,bad
869,"[20, 40[",male,2,own,NA,NA,7409,36,business,good
873,"[20, 40[",male,2,own,moderate,little,1382,24,business,good
875,"[20, 40[",male,1,own,little,little,3590,12,furniture/equipment,good
877,"[20, 40[",male,3,free,little,little,1940,18,radio/TV,good
878,"[20, 40[",male,2,own,little,NA,3595,36,radio/TV,good
879,"[20, 40[",male,3,free,little,little,1422,9,car,bad
880,"[20, 40[",male,2,own,NA,NA,6742,30,radio/TV,good
881,"[20, 40[",male,3,own,little,NA,7814,24,car,good
883,"[20, 40[",male,2,own,NA,moderate,2181,30,car,good
887,"[20, 40[",male,2,own,NA,moderate,2825,24,business,good
888,"[20, 40[",male,2,own,little,moderate,15672,48,business,bad
889,"[20, 40[",male,3,own,little,NA,6614,36,car,good
893,"[20, 40[",male,1,own,little,little,2171,12,car,good
894,"[20, 40[",male,2,own,little,moderate,5800,36,car,good
895,"[20, 40[",male,2,own,NA,NA,1169,18,radio/TV,good
896,"[20, 40[",male,3,own,NA,NA,8947,36,car,good
905,"[20, 40[",male,3,own,little,NA,1278,24,radio/TV,good
906,"[20, 40[",male,3,rent,little,little,1107,12,radio/TV,good
907,"[20, 40[",male,1,own,NA,little,3763,21,car,good
908,"[20, 40[",male,2,own,NA,moderate,3711,36,education,good
914,"[20, 40[",male,2,own,rich,NA,2142,11,business,good
915,"[20, 40[",male,2,rent,little,little,3161,24,business,bad
917,"[20, 40[",male,2,own,moderate,NA,2848,10,car,good
919,"[20, 40[",male,2,own,moderate,little,2359,24,furniture/equipment,bad
920,"[20, 40[",male,3,rent,little,little,3345,24,furniture/equipment,bad
922,"[20, 40[",male,3,own,quite rich,NA,12749,48,radio/TV,good
924,"[20, 40[",male,2,rent,little,moderate,2002,12,car,good
928,"[20, 40[",male,2,free,little,little,10297,48,car,bad
931,"[20, 40[",male,1,own,little,little,1747,24,furniture/equipment,good
933,"[20, 40[",male,2,own,little,NA,1224,9,car,good
936,"[20, 40[",male,3,own,moderate,moderate,1919,30,radio/TV,bad
938,"[20, 40[",male,3,rent,little,moderate,2063,6,radio/TV,good
942,"[20, 40[",male,1,own,little,NA,1546,10,car,good
943,"[20, 40[",male,2,own,NA,NA,929,24,furniture/equipment,good
947,"[20, 40[",male,2,free,quite rich,little,3349,24,furniture/equipment,bad
948,"[20, 40[",male,3,own,NA,NA,2859,12,car,good
950,"[20, 40[",male,2,own,moderate,NA,3621,24,radio/TV,bad
952,"[20, 40[",male,2,own,little,little,2145,36,business,bad
958,"[20, 40[",male,1,own,little,moderate,1154,9,radio/TV,good
960,"[20, 40[",male,2,free,moderate,moderate,3069,24,furniture/equipment,good
961,"[20, 40[",male,2,rent,little,NA,1740,6,radio/TV,good
963,"[20, 40[",male,2,own,NA,NA,3556,15,car,good
964,"[20, 40[",male,2,own,quite rich,NA,2397,24,radio/TV,bad
965,"[20, 40[",male,1,own,little,moderate,454,6,repairs,good
967,"[20, 40[",male,1,own,quite rich,moderate,2520,27,radio/TV,bad
969,"[20, 40[",male,2,rent,NA,NA,7166,42,radio/TV,good
971,"[20, 40[",male,2,own,moderate,moderate,1514,15,repairs,good
974,"[20, 40[",male,2,rent,little,little,7297,60,business,bad
980,"[20, 40[",male,2,rent,moderate,moderate,1264,15,car,bad
982,"[20, 40[",male,3,rent,little,NA,4844,48,business,bad
984,"[20, 40[",male,2,own,little,little,8229,36,car,bad
985,"[20, 40[",male,1,own,little,NA,2028,24,furniture/equipment,good
987,"[20, 40[",male,2,own,little,rich,6289,42,business,good
989,"[20, 40[",male,3,free,little,little,6579,24,car,good
991,"[20, 40[",male,1,own,NA,NA,3565,12,education,good
992,"[20, 40[",male,1,own,moderate,NA,1569,15,radio/TV,good
993,"[20, 40[",male,1,rent,NA,little,1936,18,radio/TV,good
994,"[20, 40[",male,3,own,little,little,3959,36,furniture/equipment,good
998,"[20, 40[",male,2,own,little,NA,804,12,radio/TV,good
999,"[20, 40[",male,2,free,little,little,1845,45,radio/TV,bad
1000,"[20, 40[",male,2,own,moderate,moderate,4576,45,car,good
3,"[40, 60[",male,1,own,little,NA,2096,12,education,good
4,"[40, 60[",male,2,free,little,little,7882,42,furniture/equipment,good
5,"[40, 60[",male,2,free,little,little,4870,24,car,bad
7,"[40, 60[",male,2,own,quite rich,NA,2835,24,furniture/equipment,good
17,"[40, 60[",male,2,own,NA,NA,2424,24,radio/TV,good
21,"[40, 60[",male,2,own,little,NA,2134,9,car,good
22,"[40, 60[",male,2,rent,quite rich,little,2647,6,radio/TV,good
23,"[40, 60[",male,1,rent,little,little,2241,10,car,good
24,"[40, 60[",male,2,own,moderate,moderate,1804,12,car,good
34,"[40, 60[",male,1,rent,NA,NA,1264,12,business,good
43,"[40, 60[",male,1,own,little,moderate,6204,18,repairs,good
55,"[40, 60[",male,2,free,little,moderate,2225,36,car,bad
57,"[40, 60[",male,3,own,NA,moderate,6468,12,radio/TV,bad
62,"[40, 60[",male,2,own,NA,moderate,1537,15,radio/TV,good
66,"[40, 60[",male,2,own,NA,NA,5190,27,repairs,good
72,"[40, 60[",male,1,rent,NA,NA,730,7,radio/TV,good
73,"[40, 60[",male,3,free,little,little,1164,8,vacation/others,good
75,"[40, 60[",male,3,own,NA,little,1977,36,education,bad
78,"[40, 60[",male,2,own,little,moderate,4771,11,radio/TV,good
82,"[40, 60[",male,2,own,quite rich,NA,1213,15,radio/TV,good
85,"[40, 60[",male,1,own,little,little,2315,10,radio/TV,good
88,"[40, 60[",male,2,free,moderate,moderate,12612,36,education,bad
91,"[40, 60[",male,2,own,little,NA,618,12,radio/TV,good
92,"[40, 60[",male,2,own,little,little,1409,12,car,good
95,"[40, 60[",male,2,own,rich,moderate,1318,12,car,good
96,"[40, 60[",male,2,rent,little,moderate,15945,54,business,bad
101,"[40, 60[",male,1,rent,moderate,NA,1469,24,car,good
116,"[40, 60[",male,2,own,NA,NA,3578,48,radio/TV,good
127,"[40, 60[",male,1,own,little,little,701,12,radio/TV,good
134,"[40, 60[",male,2,free,little,NA,1984,18,furniture/equipment,good
150,"[40, 60[",male,2,own,rich,NA,1582,18,radio/TV,good
151,"[40, 60[",male,2,free,moderate,NA,1346,6,radio/TV,good
157,"[40, 60[",male,2,own,moderate,little,1288,9,repairs,good
158,"[40, 60[",male,1,own,little,little,339,12,education,good
177,"[40, 60[",male,2,own,little,little,2577,12,furniture/equipment,good
178,"[40, 60[",male,2,own,quite rich,little,338,6,radio/TV,good
183,"[40, 60[",male,1,own,NA,little,1647,21,car,bad
184,"[40, 60[",male,2,own,rich,NA,3777,24,furniture/equipment,good
191,"[40, 60[",male,3,own,rich,NA,4591,24,business,bad
200,"[40, 60[",male,3,own,little,moderate,4297,18,furniture/equipment,bad
201,"[40, 60[",male,2,own,quite rich,NA,936,9,education,good
207,"[40, 60[",male,2,own,little,NA,1935,12,furniture/equipment,good
210,"[40, 60[",male,2,own,rich,NA,1413,12,car,good
213,"[40, 60[",male,2,own,little,little,5293,27,business,bad
215,"[40, 60[",male,2,own,NA,NA,3342,36,radio/TV,good
228,"[40, 60[",male,3,free,little,little,7865,12,furniture/equipment,bad
232,"[40, 60[",male,1,free,quite rich,NA,2507,9,car,good
235,"[40, 60[",male,1,own,little,NA,1544,4,radio/TV,good
242,"[40, 60[",male,2,own,little,NA,1595,6,radio/TV,good
247,"[40, 60[",male,2,own,little,NA,717,12,radio/TV,good
269,"[40, 60[",male,3,own,little,little,8978,14,car,bad
278,"[40, 60[",male,1,own,NA,little,1262,12,furniture/equipment,good
282,"[40, 60[",male,2,own,little,NA,1574,12,furniture/equipment,good
283,"[40, 60[",male,1,own,NA,rich,1445,18,radio/TV,good
290,"[40, 60[",male,2,own,little,little,1024,24,radio/TV,bad
294,"[40, 60[",male,2,free,little,rich,4796,42,car,good
295,"[40, 60[",male,3,own,NA,NA,7629,48,business,good
298,"[40, 60[",male,1,own,NA,NA,1287,10,car,good
299,"[40, 60[",male,2,own,little,NA,2515,18,furniture/equipment,good
304,"[40, 60[",male,2,own,little,little,1038,10,car,good
305,"[40, 60[",male,2,free,quite rich,NA,10127,48,car,bad
311,"[40, 60[",male,0,free,NA,moderate,5381,48,vacation/others,good
327,"[40, 60[",male,2,rent,NA,NA,5801,12,furniture/equipment,good
336,"[40, 60[",male,3,rent,little,little,3384,6,furniture/equipment,bad
355,"[40, 60[",male,2,free,quite rich,NA,727,10,education,good
357,"[40, 60[",male,2,own,NA,NA,2331,12,radio/TV,good
369,"[40, 60[",male,2,own,little,little,3446,36,furniture/equipment,bad
379,"[40, 60[",male,3,free,little,moderate,14318,36,car,bad
388,"[40, 60[",male,3,own,little,moderate,7374,18,furniture/equipment,good
398,"[40, 60[",male,2,own,little,little,2348,36,furniture/equipment,good
399,"[40, 60[",male,2,rent,little,moderate,1223,12,car,bad
405,"[40, 60[",male,2,own,NA,moderate,2899,18,car,good
407,"[40, 60[",male,2,own,NA,NA,2197,24,car,good
413,"[40, 60[",male,3,own,little,NA,2292,12,business,bad
414,"[40, 60[",male,1,rent,quite rich,NA,1597,10,car,good
423,"[40, 60[",male,1,own,little,moderate,958,12,car,good
428,"[40, 60[",male,2,own,rich,NA,1149,18,radio/TV,good
444,"[40, 60[",male,1,own,little,NA,719,12,education,bad
480,"[40, 60[",male,2,own,little,little,1478,15,furniture/equipment,good
485,"[40, 60[",male,2,own,quite rich,NA,1163,12,car,good
486,"[40, 60[",male,3,own,little,moderate,1209,6,car,bad
487,"[40, 60[",male,2,own,little,NA,3077,12,radio/TV,good
498,"[40, 60[",male,2,own,little,NA,1585,24,furniture/equipment,good
502,"[40, 60[",male,2,free,little,little,5493,36,car,good
503,"[40, 60[",male,2,own,moderate,rich,1126,9,radio/TV,good
510,"[40, 60[",male,3,own,moderate,NA,8588,39,car,good
515,"[40, 60[",male,2,own,NA,NA,2255,24,car,good
517,"[40, 60[",male,1,own,little,little,1361,6,car,good
519,"[40, 60[",male,2,own,moderate,little,1203,6,car,good
521,"[40, 60[",male,2,free,little,NA,5507,24,repairs,good
523,"[40, 60[",male,2,free,little,little,7119,48,furniture/equipment,bad
528,"[40, 60[",male,1,own,little,NA,1503,4,radio/TV,good
530,"[40, 60[",male,1,own,little,little,662,6,car,good
533,"[40, 60[",male,2,rent,little,NA,1503,12,car,good
539,"[40, 60[",male,3,free,little,little,7763,48,car,bad
546,"[40, 60[",male,2,free,little,little,1333,24,car,bad
552,"[40, 60[",male,1,own,quite rich,NA,1750,6,radio/TV,good
561,"[40, 60[",male,2,free,NA,little,2964,24,car,good
569,"[40, 60[",male,2,own,NA,moderate,3979,48,radio/TV,good
582,"[40, 60[",male,1,own,little,moderate,3124,12,car,good
589,"[40, 60[",male,1,own,little,little,1217,18,domestic appliances,bad
595,"[40, 60[",male,3,own,NA,little,1358,24,vacation/others,bad
610,"[40, 60[",male,2,free,NA,NA,1300,15,car,good
616,"[40, 60[",male,3,own,NA,moderate,12204,48,business,good
620,"[40, 60[",male,1,own,little,NA,640,12,car,good
627,"[40, 60[",male,2,own,little,rich,2116,6,furniture/equipment,good
632,"[40, 60[",male,2,own,little,little,1553,18,furniture/equipment,bad
636,"[40, 60[",male,2,own,little,NA,1393,12,education,good
643,"[40, 60[",male,3,own,moderate,NA,4623,15,education,bad
650,"[40, 60[",male,1,rent,little,little,684,12,education,bad
651,"[40, 60[",male,3,free,little,little,7476,48,education,good
653,"[40, 60[",male,2,own,little,little,2303,24,car,bad
654,"[40, 60[",male,3,own,moderate,moderate,8086,36,car,bad
657,"[40, 60[",male,1,own,little,moderate,888,12,car,bad
660,"[40, 60[",male,2,own,little,moderate,6361,18,furniture/equipment,good
663,"[40, 60[",male,2,own,little,NA,2241,21,furniture/equipment,good
669,"[40, 60[",male,2,rent,little,little,4843,12,car,bad
670,"[40, 60[",male,2,own,little,rich,3017,30,radio/TV,good
673,"[40, 60[",male,3,own,little,NA,10366,60,car,good
675,"[40, 60[",male,1,own,quite rich,NA,2580,21,business,bad
684,"[40, 60[",male,2,free,little,NA,5103,24,radio/TV,good
694,"[40, 60[",male,1,own,NA,little,4716,6,car,good
696,"[40, 60[",male,2,rent,quite rich,NA,1236,6,car,good
700,"[40, 60[",male,3,rent,little,rich,1905,15,education,good
702,"[40, 60[",male,2,free,little,little,6331,48,car,bad
704,"[40, 60[",male,2,own,moderate,moderate,2503,30,business,good
713,"[40, 60[",male,3,own,NA,NA,2476,21,car,good
717,"[40, 60[",male,2,own,NA,NA,3077,30,radio/TV,good
727,"[40, 60[",male,1,own,quite rich,NA,1316,15,radio/TV,good
739,"[40, 60[",male,3,own,little,NA,6761,6,car,good
743,"[40, 60[",male,2,own,NA,NA,3160,21,radio/TV,good
755,"[40, 60[",male,2,free,rich,NA,1555,12,repairs,bad
766,"[40, 60[",male,1,own,little,moderate,1155,12,radio/TV,good
774,"[40, 60[",male,2,own,moderate,NA,2223,24,radio/TV,good
787,"[40, 60[",male,2,own,quite rich,NA,2675,22,radio/TV,good
789,"[40, 60[",male,2,free,little,moderate,6224,48,education,bad
792,"[40, 60[",male,3,own,NA,NA,6313,24,car,good
794,"[40, 60[",male,2,free,little,rich,2892,24,furniture/equipment,good
797,"[40, 60[",male,2,free,NA,little,7511,18,car,bad
799,"[40, 60[",male,2,own,NA,NA,717,24,car,good
801,"[40, 60[",male,2,free,little,NA,1597,24,education,good
809,"[40, 60[",male,3,free,little,moderate,9283,42,car,good
814,"[40, 60[",male,2,own,little,little,3051,48,domestic appliances,bad
815,"[40, 60[",male,2,free,little,little,3931,48,car,bad
819,"[40, 60[",male,3,own,little,little,15857,36,vacation/others,good
823,"[40, 60[",male,2,own,little,little,2712,36,furniture/equipment,bad
824,"[40, 60[",male,1,own,little,little,731,8,car,good
829,"[40, 60[",male,2,free,NA,little,8335,36,car,bad
831,"[40, 60[",male,2,own,quite rich,NA,2375,24,business,good
836,"[40, 60[",male,2,own,little,little,1082,12,car,bad
840,"[40, 60[",male,2,own,little,NA,2611,24,radio/TV,good
844,"[40, 60[",male,2,own,little,NA,1559,24,business,good
845,"[40, 60[",male,2,own,little,NA,3422,18,furniture/equipment,good
849,"[40, 60[",male,2,own,little,little,1364,9,radio/TV,good
850,"[40, 60[",male,1,own,little,little,709,12,radio/TV,bad
852,"[40, 60[",male,2,own,NA,NA,4042,24,car,good
855,"[40, 60[",male,2,own,little,NA,10875,36,car,good
868,"[40, 60[",male,2,own,little,NA,3331,12,furniture/equipment,good
872,"[40, 60[",male,2,own,little,rich,1343,6,car,good
882,"[40, 60[",male,2,free,NA,NA,9277,24,car,good
885,"[40, 60[",male,2,own,little,moderate,4057,24,furniture/equipment,bad
890,"[40, 60[",male,2,rent,NA,NA,7824,28,car,good
891,"[40, 60[",male,3,own,little,little,2442,27,business,good
892,"[40, 60[",male,2,own,little,NA,1829,15,radio/TV,good
900,"[40, 60[",male,2,own,little,little,4153,18,furniture/equipment,bad
901,"[40, 60[",male,2,rent,little,little,2625,16,car,bad
902,"[40, 60[",male,2,own,NA,NA,3485,20,car,good
903,"[40, 60[",male,2,free,NA,NA,10477,36,car,good
904,"[40, 60[",male,2,rent,NA,NA,1386,15,radio/TV,good
925,"[40, 60[",male,2,own,little,little,6872,24,furniture/equipment,bad
926,"[40, 60[",male,2,own,little,little,697,12,car,bad
929,"[40, 60[",male,2,own,NA,NA,1867,30,radio/TV,good
930,"[40, 60[",male,1,own,little,little,1344,12,car,good
934,"[40, 60[",male,2,own,quite rich,NA,522,12,radio/TV,good
939,"[40, 60[",male,2,free,little,moderate,6288,60,education,bad
940,"[40, 60[",male,3,own,NA,NA,6842,24,car,good
941,"[40, 60[",male,3,own,NA,NA,3527,12,car,good
944,"[40, 60[",male,1,own,little,NA,1455,4,car,good
949,"[40, 60[",male,1,own,little,NA,1533,18,furniture/equipment,bad
951,"[40, 60[",male,0,own,little,moderate,3590,18,business,good
957,"[40, 60[",male,1,own,NA,rich,3656,30,radio/TV,good
959,"[40, 60[",male,1,own,little,little,4006,28,car,bad
962,"[40, 60[",male,2,own,little,moderate,2353,21,car,good
970,"[40, 60[",male,1,own,little,little,3939,11,car,good
972,"[40, 60[",male,1,own,little,NA,7393,24,car,good
978,"[40, 60[",male,2,own,NA,moderate,2427,18,business,good
979,"[40, 60[",male,1,own,little,NA,2538,24,car,bad
981,"[40, 60[",male,2,own,little,moderate,8386,30,furniture/equipment,bad
990,"[40, 60[",male,1,own,little,moderate,1743,24,radio/TV,good
995,"[40, 60[",male,2,own,NA,NA,2390,12,car,good
997,"[40, 60[",male,3,own,little,little,3857,30,car,good
1,"[60, 70[",male,2,own,NA,little,1169,6,radio/TV,good
9,"[60, 70[",male,1,own,rich,NA,3059,12,radio/TV,good
14,"[60, 70[",male,1,own,little,little,1199,24,car,bad
30,"[60, 70[",male,2,own,little,little,6836,60,business,bad
63,"[60, 70[",male,3,free,little,moderate,1953,36,business,bad
76,"[60, 70[",male,3,free,little,little,1526,12,car,good
124,"[60, 70[",male,2,free,little,rich,781,10,car,good
138,"[60, 70[",male,1,own,quite rich,moderate,766,12,radio/TV,bad
180,"[60, 70[",male,2,own,little,little,571,21,car,good
188,"[60, 70[",male,0,free,little,moderate,1175,16,car,good
214,"[60, 70[",male,3,own,little,rich,1908,30,business,bad
238,"[60, 70[",male,1,rent,moderate,moderate,2767,21,business,bad
284,"[60, 70[",male,2,own,NA,NA,1520,15,furniture/equipment,good
361,"[60, 70[",male,2,free,NA,moderate,1239,18,education,good
374,"[60, 70[",male,3,free,NA,NA,13756,60,car,good
439,"[60, 70[",male,0,own,little,little,3394,42,repairs,good
450,"[60, 70[",male,2,own,rich,moderate,1512,15,repairs,bad
466,"[60, 70[",male,2,own,little,little,2924,24,car,good
542,"[60, 70[",male,2,free,little,NA,2032,24,car,good
545,"[60, 70[",male,1,own,little,NA,1255,12,car,good
590,"[60, 70[",male,2,own,little,little,2246,12,furniture/equipment,bad
625,"[60, 70[",male,2,free,little,little,2600,18,radio/TV,bad
630,"[60, 70[",male,1,own,NA,NA,3832,9,education,good
679,"[60, 70[",male,1,rent,little,little,2384,24,radio/TV,good
716,"[60, 70[",male,2,own,NA,NA,7596,30,car,good
770,"[60, 70[",male,1,own,little,NA,1655,12,radio/TV,good
775,"[60, 70[",male,0,free,quite rich,rich,1480,12,car,good
782,"[60, 70[",male,2,own,rich,NA,1940,24,car,good
785,"[60, 70[",male,3,own,NA,moderate,6468,20,car,good
808,"[60, 70[",male,2,own,NA,NA,930,12,radio/TV,good
817,"[60, 70[",male,2,own,quite rich,NA,1338,6,domestic appliances,good
839,"[60, 70[",male,2,own,little,little,2957,24,car,good
847,"[60, 70[",male,2,rent,NA,NA,6761,18,car,bad
918,"[60, 70[",male,3,own,little,little,14896,6,car,bad
